ItemNumber,Description,Manufacturer,Category,ImageURL,PDFURL,ProductURL,Tags
70156626,"Accessory, 300 mm, Pistol handle",ALTECH CORP,Electrical,https://ryedesign.github.io/spare-parts-assets/Altech_70156626_300mmPistolHandle.png,https://ryedesign.github.io/spare-parts-assets/Altech_70156626_300mmPistolHandle.pdf,https://www.ryebot.com/parts/?item=70156626,"altech corp, electrical"
70156759,Door Interlock Handle,ALTECH CORP,Electrical,https://ryedesign.github.io/spare-parts-assets/Altech_70156759_DoorInterlockHandle.png,https://ryedesign.github.io/spare-parts-assets/Altech_70156759_DoorInterlockHandle.pdf,https://www.ryebot.com/parts/?item=70156759,"altech corp, door lock, electrical, interlock, safety interlock, safety switch"
70156984,"Switch and Accessory, 25 A, 600 VAC (Max.), 3, 50.5 mm, 74 mm, 73 mm, 16",ALTECH CORP,Electrical,https://ryedesign.github.io/spare-parts-assets/Altech_70156984_SwitchAccessory.png,https://ryedesign.github.io/spare-parts-assets/Altech_70156984_SwitchAccessory.pdf,https://www.ryebot.com/parts/?item=70156984,"altech corp, electrical"
GM000020.00,"FLEXIBOWL, CLOCKWISE, QUICK EMPTYING",ARS,Robotics Accessories,https://ryedesign.github.io/spare-parts-assets/ARS_GM000020.00_Flexibowl.png,https://ryedesign.github.io/spare-parts-assets/ARS_GM000020.00_Flexibowl.pdf,https://www.ryebot.com/parts/?item=GM000020.00,"ars, robotics accessories"
8652APBK4QA00GA,652 Series Filter-Regulator Particulate,AVENTICS,Pneumatics,https://ryedesign.github.io/spare-parts-assets/Aventics_8652APBK4QA00GA_652SeriesFilter.png,https://ryedesign.github.io/spare-parts-assets/Aventics_8652APBK4QA00GA_652SeriesFilter.pdf,https://www.ryebot.com/parts/?item=8652APBK4QA00GA,"aventics, emerson pneumatics, filter regulator, frl, numatics, pneumatics, pressure regulator, regulator"
8653APBK4R101GA,653 Series Filter-Regulator Particulate,AVENTICS,Pneumatics,https://ryedesign.github.io/spare-parts-assets/Aventics_8653APBK4R101GA_653SeriesFilter.png,https://ryedesign.github.io/spare-parts-assets/Aventics_8653APBK4R101GA_653SeriesFilter.pdf,https://www.ryebot.com/parts/?item=8653APBK4R101GA,"aventics, emerson pneumatics, filter regulator, frl, numatics, pneumatics, pressure regulator, regulator"
CCI-DA-050-0100,"CYLINDER, 50MM BORE X 100 MM S TROKE, COMPACT",AVENTICS,Pneumatics,https://ryedesign.github.io/spare-parts-assets/Aventics_CCI-DA-050-0100_Cylinder.png,https://ryedesign.github.io/spare-parts-assets/Aventics_CCI-DA-050-0100_Cylinder.pdf,https://www.ryebot.com/parts/?item=CCI-DA-050-0100,"actuator, air cylinder, aventics, cylinder, emerson pneumatics, numatics, pneumatic cylinder, pneumatics"
K502AK431477003,502 EP VERT 1/2PF STD KT,AVENTICS,Pneumatics,https://ryedesign.github.io/spare-parts-assets/Aventics_K502AK431477003_502EPVERT12PFSTDKT.png,https://ryedesign.github.io/spare-parts-assets/Aventics_K502AK431477003_502EPVERT12PFSTDKT.pdf,https://www.ryebot.com/parts/?item=K502AK431477003,"aventics, emerson pneumatics, numatics, pneumatics"
K502AMM22MA0010,502 Series Manifold Sub Base,AVENTICS,Pneumatics,https://ryedesign.github.io/spare-parts-assets/Aventics_K502AMM22MA0010_502SeriesManifolSubBase.png,https://ryedesign.github.io/spare-parts-assets/Aventics_K502AMM22MA0010_502SeriesManifolSubBase.pdf,https://www.ryebot.com/parts/?item=K502AMM22MA0010,"aventics, emerson pneumatics, manifold, numatics, pneumatic manifold, pneumatics, valve manifold"
K503AK428327005,503 EP VERT 1/2PF STD KT,AVENTICS,Pneumatics,https://ryedesign.github.io/spare-parts-assets/Aventics_K503AK428327005_503EPVERT12PFSTDKT.png,https://ryedesign.github.io/spare-parts-assets/Aventics_K503AK428327005_503EPVERT12PFSTDKT.pdf,https://www.ryebot.com/parts/?item=K503AK428327005,"aventics, emerson pneumatics, numatics, pneumatics"
K503AMM22MA0010,503 PRO MANF 1/4PF DBL KT (Manifold Sub Base),AVENTICS,Pneumatics,https://ryedesign.github.io/spare-parts-assets/Aventics_K503AMM22MA0010_ ManifoldBlock.png,https://ryedesign.github.io/spare-parts-assets/Aventics_K503AMM22MA0010_ 503PROMANF14PFDBLKT.pdf,https://www.ryebot.com/parts/?item=K503AMM22MA0010,"aventics, emerson pneumatics, manifold, numatics, pneumatic manifold, pneumatics, valve manifold"
K503AMM23MA0010,503 PRO MANF 3/8PF DBL KT (Manifold Sub Base),AVENTICS,Pneumatics,https://ryedesign.github.io/spare-parts-assets/Aventics_K503AMM23MA0010_503PROMANF14PFDBLKT.png,https://ryedesign.github.io/spare-parts-assets/Aventics_K503AMM23MA0010_503PROMANF14PFDBLKT.pdf,https://www.ryebot.com/parts/?item=K503AMM23MA0010,"aventics, emerson pneumatics, manifold, numatics, pneumatic manifold, pneumatics, valve manifold"
L12BB452B000061,"SOLENOID VALVE, 5/2 DOUBLE ACTING",AVENTICS,Pneumatics,https://ryedesign.github.io/spare-parts-assets/Aventics_L12BB452B000061_SOLENOIDVALVE.png,https://ryedesign.github.io/spare-parts-assets/Aventics_L12BB452B000061_ SOLENOIDVALVE.pdf,https://www.ryebot.com/parts/?item=L12BB452B000061,"aventics, directional control, emerson pneumatics, numatics, pneumatic valve, pneumatics, solenoid, valve"
M503AG521734009,PNEUMATIC PRESSURE GAUGE,AVENTICS,Pneumatics,https://ryedesign.github.io/spare-parts-assets/Aventics_M503AG521734009_PNEUMATICPRESSUREGAUGE.png,https://ryedesign.github.io/spare-parts-assets/Aventics_M503AG521734009_PNEUMATICPRESSUREGAUGE.pdf,https://www.ryebot.com/parts/?item=M503AG521734009,"aventics, emerson pneumatics, numatics, pneumatics"
P503AB428359001,P503AB428359001 BLANK PLATE 503 SERIES,AVENTICS,Pneumatics,https://ryedesign.github.io/spare-parts-assets/Aventics_P503AB428359001_BlankingPlate.png,https://ryedesign.github.io/spare-parts-assets/Aventics_P503AB428359001_BlankingPlate.pdf,https://www.ryebot.com/parts/?item=P503AB428359001,"aventics, emerson pneumatics, numatics, pneumatics"
P580AEED1010A00,580 ETHERNT/IP DLR MOD STD KIT,AVENTICS,Electrical,https://ryedesign.github.io/spare-parts-assets/Aventics_P580AEED1010A00_EthernetIPKit.png,https://ryedesign.github.io/spare-parts-assets/Aventics_P580AEED1010A00_EthernetIPKit.pdf,https://www.ryebot.com/parts/?item=P580AEED1010A00,"aventics, electrical, emerson pneumatics, numatics"
P599AE428444001,599 TERM STRP MOD STD KT,AVENTICS,Electrical,https://ryedesign.github.io/spare-parts-assets/Aventics_P599AE428444001_TerminalStripKit.png,https://ryedesign.github.io/spare-parts-assets/Aventics_P599AE428444001_TerminalStripKit.pdf,https://www.ryebot.com/parts/?item=P599AE428444001,"aventics, electrical, emerson pneumatics, numatics"
P652AT503860002,651 SIDE MNT BRKT KIT,AVENTICS,Hardware,https://ryedesign.github.io/spare-parts-assets/Aventics_P652AT503860002_SideMountBrackets.png,https://ryedesign.github.io/spare-parts-assets/Aventics_P652AT503860002_SideMountBrackets.pdf,https://www.ryebot.com/parts/?item=P652AT503860002,"aventics, emerson pneumatics, hardware, numatics"
R422001237,"CYLINDER, 50mm BORE X 100mm STROKE, COMPACT",AVENTICS,Pneumatics,https://ryedesign.github.io/spare-parts-assets/Aventics_R422001237_CYLINDER50MMBORE100MMSTROKE.png,https://ryedesign.github.io/spare-parts-assets/Aventics_R422001237_CYLINDER50MMBORE100MMSTROKE.pdf,https://www.ryebot.com/parts/?item=R422001237,"actuator, air cylinder, aventics, cylinder, emerson pneumatics, numatics, pneumatic cylinder, pneumatics"
R502A1B50MA00F1,502 Series Valve,AVENTICS,Pneumatics,https://ryedesign.github.io/spare-parts-assets/Aventics_R502A1B50MA00F1_502SeriesValve.png,https://ryedesign.github.io/spare-parts-assets/Aventics_R502A1B50MA00F1_502SeriesValve.pdf,https://www.ryebot.com/parts/?item=R502A1B50MA00F1,"aventics, directional control, emerson pneumatics, numatics, pneumatic valve, pneumatics, solenoid, valve"
R502AS429395002,502 PRO SAND SPD CNTRL KT,AVENTICS,Pneumatics,https://ryedesign.github.io/spare-parts-assets/Aventics_R502AS429395002_502SeriesThrottleSandwichPlate.png,https://ryedesign.github.io/spare-parts-assets/Aventics_R502AS429395002_502SeriesThrottleSandwichPlate.pdf,https://www.ryebot.com/parts/?item=R502AS429395002,"aventics, emerson pneumatics, numatics, pneumatics"
R503A1B10MA00F1,503 F1 S/S PLGN A00F1 VALVE,AVENTICS,Pneumatics,https://ryedesign.github.io/spare-parts-assets/Aventics_R503A1B10MA00F1_503SeriesDirectionalValve.png,https://ryedesign.github.io/spare-parts-assets/Aventics_R503A1B10MA00F1_503SeriesDirectionalValve.pdf,https://www.ryebot.com/parts/?item=R503A1B10MA00F1,"aventics, directional control, emerson pneumatics, numatics, pneumatic valve, pneumatics, solenoid, valve"
R503A1B50MA00F1,SOLENOID VALVE 5/3 WAY DUAL SOLENOID 24 V DC 503 SERIES,AVENTICS,Pneumatics,https://ryedesign.github.io/spare-parts-assets/Aventics_R503A1B50MA00F1_503SeriesDirectionalValve.png,https://ryedesign.github.io/spare-parts-assets/Aventics_R503A1B50MA00F1_503SeriesDirectionalValve.pdf,https://www.ryebot.com/parts/?item=R503A1B50MA00F1,"aventics, directional control, emerson pneumatics, numatics, pneumatic valve, pneumatics, solenoid, valve"
R503A2B60MA00F1,503 Series Valve Actuation: Rubber Packed Valve Type: Solenoid Pilot with Flush Non-Locking Override,AVENTICS,Pneumatics,https://ryedesign.github.io/spare-parts-assets/Aventics_R503A2B60MA00F1_503SeriesDirectionalValve.png,https://ryedesign.github.io/spare-parts-assets/Aventics_R503A2B60MA00F1_503SeriesDirectionalValve.pdf,https://www.ryebot.com/parts/?item=R503A2B60MA00F1,"aventics, directional control, emerson pneumatics, numatics, pneumatic valve, pneumatics, solenoid, valve"
R503ARS11JA0010,503 PRO RS 130PSIG KT (Regulator),AVENTICS,Pneumatics,https://ryedesign.github.io/spare-parts-assets/Aventics_R503ARS11JA0010_502SeriesManifoldSubBase.png,https://ryedesign.github.io/spare-parts-assets/Aventics_R503ARS11JA0010_502SeriesManifoldSubBase.pdf,https://www.ryebot.com/parts/?item=R503ARS11JA0010,"aventics, emerson pneumatics, filter regulator, frl, numatics, pneumatics, pressure regulator, regulator"
13936,"LEDWLA145XD6-XQ LIGHT, 145MM L, WHITE",BANNER,Safety,https://www.bannerengineering.com/content/dam/banner-engineering/3d-renders/product-renders/vision_lighting/linearlightscolor/blackaluminum/LED-LINEAR-BLK-WHITE-DIFFUSE.psd/jcr:content/renditions/cq5dam.web.1280.1280.jpeg,https://info.bannerengineering.com/cs/groups/public/documents/literature/151466.pdf,https://www.ryebot.com/parts/?item=13936,"banner, sensor"
19248,TL50BLGYRALSQ TOWER LIGHT W/ ADJUSTABLE ALARM,BANNER,Safety,https://ryedesign.github.io/spare-parts-assets/Banner_19248_TL50BLGYRALSQTowerLight.png,https://ryedesign.github.io/spare-parts-assets/Banner_19248_TL50BLGYRALSQTowerLight.pdf,https://www.ryebot.com/parts/?item=19248,"banner, banner engineering, indicator, safety, signal light, stack light, tower light"
25298,SSA-EB1P-02ECQ4 ESTOP,BANNER,Safety,https://ryedesign.github.io/spare-parts-assets/Banner_25298_SSA-EB1P-02ECQ4Estop.png,https://ryedesign.github.io/spare-parts-assets/Banner_25298_SSA-EB1P-02ECQ4Estop.pdf,https://www.ryebot.com/parts/?item=25298,"banner, banner engineering, e-stop, emergency stop, estop, safety, safety stop"
25550,SSA-MBK-EEC1 rt angle racket for e-stop,BANNER,Safety,https://ryedesign.github.io/spare-parts-assets/Banner_25550_SSA-MBK-EEC1RtAngleEstopBracket.jpg,https://ryedesign.github.io/spare-parts-assets/Banner_25550_SSA-MBK-EEC1RtAngleEstopBracket.pdf,https://www.ryebot.com/parts/?item=25550,"banner, banner engineering, e-stop, emergency stop, estop, safety, safety stop"
32037,K50LGRXPPB2Q PUSH BUTTON,BANNER,Safety,https://ryedesign.github.io/spare-parts-assets/Banner_32037_K50LGRXPPB2QPushButton.png,https://ryedesign.github.io/spare-parts-assets/Banner_32037_K50LGRXPPB2QPushButton.pdf,https://www.ryebot.com/parts/?item=32037,"banner, banner engineering, momentary switch, operator, push button, pushbutton, safety"
32723,SMB30A ESTOP BRACKET,BANNER,Hardware,https://ryedesign.github.io/spare-parts-assets/Banner_32723_SMB30ABracket.png,https://ryedesign.github.io/spare-parts-assets/Banner_32723_SMB30ABracket.pdf,https://www.ryebot.com/parts/?item=32723,"banner, banner engineering, bracket, e-stop, emergency stop, estop, hardware, mounting, safety stop"
69701,SSA-EBM-12L PANEL MOUNT E-STOP BUTTONS,BANNER,Safety,https://ryedesign.github.io/spare-parts-assets/Banner_69701_SSA-EBM-12LEstop.png,https://ryedesign.github.io/spare-parts-assets/Banner_69701_SSA-EBM-12LEstop.pdf,https://www.ryebot.com/parts/?item=69701,"banner, banner engineering, bracket, cabinet, e-stop, electrical enclosure, emergency stop, enclosure, estop, hardware, mounting, panel, safety, safety stop"
81861,TL50GYRQ STACK LIGHT,BANNER,Safety,https://ryedesign.github.io/spare-parts-assets/Banner_81831_TL50GYRQTowerLight.png,https://ryedesign.github.io/spare-parts-assets/Banner_81831_TL50GYRQTowerLight.pdf,https://www.ryebot.com/parts/?item=806960,"banner, banner engineering, indicator, safety, signal light, stack light, tower light"
82232,"LEDILA435XD6-PHQ VISION LIGHT, IR, BAR, 490mm, DIMMABLE",BANNER,Safety,https://ryedesign.github.io/spare-parts-assets/Banner_82232_LEDILA435XD6-PHQLinearArrayLight.png,https://ryedesign.github.io/spare-parts-assets/Banner_82232_LEDILA435XD6-PHQLinearArrayLight.pdf,https://www.ryebot.com/parts/?item=809837,"banner, banner engineering, illumination, led light, light, safety, vision light"
85064,"XS26-2DE SAFETY PLC, CONTROLLER",BANNER,Safety,https://ryedesign.github.io/spare-parts-assets/Banner_85064_XS26-2DESafetyController.png,https://ryedesign.github.io/spare-parts-assets/Banner_85064_XS26-2DESafetyController.pdf,https://www.ryebot.com/parts/?item=813105,"banner, banner engineering, controller, plc, safety, safety controller, safety plc"
85069,XS16SI Digital/Safety Input Extension,BANNER,Safety,https://ryedesign.github.io/spare-parts-assets/Banner_85069_XS16SISafetyInput.png,https://ryedesign.github.io/spare-parts-assets/Banner_85069_XS16SISafetyInput.pdf,https://www.ryebot.com/parts/?item=813874,"banner, banner engineering, safety"
85073,XS4SO Safety PLC BANNER Safe Outputs Module,BANNER,Safety,https://ryedesign.github.io/spare-parts-assets/Banner_85073_XS4SOSafetyOutput.png,https://ryedesign.github.io/spare-parts-assets/Banner_85073_XS4SOSafetyOutput.pdf,https://www.ryebot.com/parts/?item=81861,"banner, banner engineering, controller, plc, safety, safety controller, safety plc"
85075,"XS2RO SAFETY PLC, RELAYS",BANNER,Safety,https://ryedesign.github.io/spare-parts-assets/Banner_85075_XS2ROSafetyRelay.png,https://ryedesign.github.io/spare-parts-assets/Banner_85075_XS2ROSafetyRelay.pdf,https://www.ryebot.com/parts/?item=82232,"banner, banner engineering, controller, output relay, plc, relay, safety, safety controller, safety plc, switching"
96930,K70APT2GRYF2Q LIGHTUP BUTTON,BANNER,Safety,https://ryedesign.github.io/spare-parts-assets/Banner_96930_K70APT2GRYF2QTouchButton.png,https://ryedesign.github.io/spare-parts-assets/Banner_96930_K70APT2GRYF2QTouchButton.pdf,https://www.ryebot.com/parts/?item=85064,"banner, banner engineering, safety"
806960,WLS15XGR0500DSC2 STRIP LIGHT,BANNER,Safety,https://ryedesign.github.io/spare-parts-assets/Banner_806960_WLS15XGR0500DSC2StripLight.png,https://ryedesign.github.io/spare-parts-assets/Banner_806960_WLS15XGR0500DSC2StripLight.pdf,https://www.ryebot.com/parts/?item=85069,"banner, banner engineering, illumination, led light, light, safety, vision light"
809837,S15C-I-KQ : In-Line Converter. Voltage: 18-30 V dc IP67,BANNER,Power,https://ryedesign.github.io/spare-parts-assets/Banner_809837_S15C-I-KQInLineConverter.png,https://ryedesign.github.io/spare-parts-assets/Banner_809837_S15C-I-KQInLineConverter.pdf,https://www.ryebot.com/parts/?item=85073,"banner, banner engineering, power"
813105,ZMX TIME-OF-FLIGHT VOLUME SENSOR,BANNER,Sensors,https://ryedesign.github.io/spare-parts-assets/Banner_813105_ZMX-3DE2500HF-Q7TimeofFlightSensor.png,https://ryedesign.github.io/spare-parts-assets/Banner_813105_ZMX-3DE2500HF-Q7TimeofFlightSensor.pdf,https://www.ryebot.com/parts/?item=85075,"banner, banner engineering, distance sensor, sensors, time of flight, tof, volume sensor"
813874,DXMR90-4K IO Link Master/Controller,BANNER,Electrical,https://ryedesign.github.io/spare-parts-assets/Banner_813874_DXMR90-4KLinkMaster.png,https://ryedesign.github.io/spare-parts-assets/Banner_813874_DXMR90-4KLinkMaster.pdf,https://www.ryebot.com/parts/?item=96930,"banner, banner engineering, electrical"
IS3805MP-14621-SA,IN-SIGHT 3800 VISION SYSTEM WITH MULTI TORCH,COGNEX,Robotics Accessories,https://ryedesign.github.io/spare-parts-assets/Cognex_IS3805MP-14621-SA_In-Sight3800Multitorch.png,https://ryedesign.github.io/spare-parts-assets/Cognex_IS3805MP-14621-SA_In-Sight3800Multitorch.pdf,https://www.ryebot.com/parts/?item=IS3805MP-14621-SA,"camera, cognex, image sensor, in-sight, mig torch, robotic torch, robotics accessories, torch, vision sensor, vision system, welding torch"
22CTM05-03002AH00334H,DORNER CLEATED BELT END DRIVE CONVEYOR,DORNER,Robotics Accessories,https://ryedesign.github.io/spare-parts-assets/Dorner_22CTM05-03002AH00334H_CleatedBeltEndDriveConveyor.png,https://ryedesign.github.io/spare-parts-assets/Dorner_22CTM05-03002AH00334H_CleatedBeltEndDriveConveyor.pdf,https://www.ryebot.com/parts/?item=22CTM05-03002AH00334H,"dorner, robotics accessories"
70276038,"CIRCUIT BREAKER, 2 POLE, 6A",EATON,Electrical,https://ryedesign.github.io/spare-parts-assets/Eaton_70276038_CircuitBreaker.png,https://ryedesign.github.io/spare-parts-assets/Eaton_70276038_CircuitBreaker.pdf,https://www.ryebot.com/parts/?item=70276038,"breaker, circuit breaker, eaton, electrical, overcurrent protection"
GSS G8M5 75,VAC EXTENSION,EMI,Vacuum,https://ryedesign.github.io/spare-parts-assets/EMI_GSS-G8M5-75_18inch75mmLM5.png,https://ryedesign.github.io/spare-parts-assets/EMI_GSS-G8M5-75_18inch75mmLM5.pdf,https://www.ryebot.com/parts/?item=GSS%20G8M5%2075,"emi, vacuum"
121202,"FP24106, ECO LROEM 1.15 x 1, ROHS/GREEN Compliant",ENIDINE,Motion,https://ryedesign.github.io/spare-parts-assets/Enidine_121202_ShockAbsorber.png,https://ryedesign.github.io/spare-parts-assets/Enidine_121202_ShockAbsorber.pdf,https://www.ryebot.com/parts/?item=121202,"enidine, motion"
5801596,ECO OEM Small Bore Series Hydraulic Shock Absorber—Adjustable—Piston Rod Dia: 0.19 in,ENIDINE,Motion,https://ryedesign.github.io/spare-parts-assets/Enidine_5801596_ShockAbsorber.png,https://ryedesign.github.io/spare-parts-assets/Enidine_5801596_Shock Absorber.pdf,https://www.ryebot.com/parts/?item=5801596,"damper, energy absorber, enidine, motion, shock absorber"
A05B-1220-J151,300-1500Kg Single Axis Follower Unit (Insulated flange),FANUC,Robotics Accessories,https://ryedesign.github.io/spare-parts-assets/Fanuc_A05B-1220-J151_300-1500KgSingleAxisFollowerUnit.png,https://ryedesign.github.io/spare-parts-assets/Fanuc_A05B-1220-J151_300-1500KgSingleAxisFollowerUnit.pdf,https://www.ryebot.com/parts/?item=A05B-1220-J151,"fanuc, r-30ib, r30ib, robot controller, robotics accessories"
ADVTPP,Advanced TP Programming,Fanuc,Training,https://ryedesign.github.io/spare-parts-assets/fanuc_advtpp_advanced-tp-programming.png,https://ryedesign.github.io/spare-parts-assets/fanuc_advtpp_advanced-tp-programming.pdf,https://www.ryebot.com/parts/?item=ADVTPP,"class, education, fanuc, programming, r-30ib, r30ib, robot controller, training"
iRVision-2DR30iBPLUS,iRVision Operation and Programming,Fanuc,Training,https://ryedesign.github.io/spare-parts-assets/fanuc_irvision-2dr30ibplus_irvision-operation-and-programming.png,https://ryedesign.github.io/spare-parts-assets/fanuc_irvision-2dr30ibplus_irvision-operation-and-programming.pdf,https://www.ryebot.com/parts/?item=iRVision-2DR30iBPLUS,"class, education, fanuc, fanuc vision, irvision, programming, r-30ib, r30ib, robot controller, robot vision, training, vision"
J2P0305,Robot Operations,Fanuc,Training,https://ryedesign.github.io/spare-parts-assets/fanuc_j2p0305_robot-operations.png,https://ryedesign.github.io/spare-parts-assets/fanuc_j2p0305_robot-operations.pdf,https://www.ryebot.com/parts/?item=J2P0305,"class, education, fanuc, programming, r-30ib, r30ib, robot controller, training"
J2P0310,HandlingTool Operations and Programming,Fanuc,Training,https://ryedesign.github.io/spare-parts-assets/fanuc_j2p0310_handling-tool-operations-and-programming.png,https://ryedesign.github.io/spare-parts-assets/fanuc_j2p0310_handling-tool-operations-and-programming.pdf,https://www.ryebot.com/parts/?item=J2P0310,"class, education, fanuc, programming, r-30ib, r30ib, robot controller, training"
J2P0410-5,ArcTool Operations and Programming,Fanuc,Training,https://ryedesign.github.io/spare-parts-assets/fanuc_j2p0410-5_arctool-operations-and-programming.png,https://ryedesign.github.io/spare-parts-assets/fanuc_j2p0410-5_arctool-operations-and-programming.pdf,https://www.ryebot.com/parts/?item=J2P0410-5,"class, education, fanuc, programming, r-30ib, r30ib, robot controller, training"
BACH-37-150,BALL LOCK HANDLE,FIXTUREWORKS,Hardware,https://ryedesign.github.io/spare-parts-assets/Fixtureworks_BACH-37-150_BallLockHandle.png,https://ryedesign.github.io/spare-parts-assets/Fixtureworks_BACH-37-150_BallLockHandle.pdf,https://www.ryebot.com/parts/?item=BACH-37-150,"fixtureworks, hardware"
THFR-375,BALL LOCK PIN RECEPTACLE,FIXTUREWORKS,Hardware,https://ryedesign.github.io/spare-parts-assets/Fixtureworks_THFR-375_BallLockPinReceptacle.png,https://ryedesign.github.io/spare-parts-assets/Fixtureworks_THFR-375_BallLockPinReceptacle.pdf,https://www.ryebot.com/parts/?item=THFR-375,"fixtureworks, hardware"
19200100546,Side Metal Hood,HARTING,Electrical,https://ryedesign.github.io/spare-parts-assets/Harting_19200100546_HanSideMetalHood.png,https://ryedesign.github.io/spare-parts-assets/Harting_19200100546_HanSideMetalHood.pdf,https://www.ryebot.com/parts/?item=09160243001,"electrical, harting"
19200161540,Han Side Entry Connector Hood,HARTING,Electrical,https://ryedesign.github.io/spare-parts-assets/Harting_19200161540_HanSideEntryConnectorHood.png,https://ryedesign.github.io/spare-parts-assets/Harting_19200161540_HanSideEntryConnectorHood.pdf,https://www.ryebot.com/parts/?item=09160243101,"electrical, harting"
19300060546,Han Hood Side Entry 2 Pegs,HARTING,Electrical,https://ryedesign.github.io/spare-parts-assets/Harting_19300060546_HanHoodSideEntry2Pegs.png,https://ryedesign.github.io/spare-parts-assets/Harting_19300060546_HanHoodSideEntry2Pegs.pdf,https://www.ryebot.com/parts/?item=09200100301,"electrical, harting"
09160243001,HAN INSERT,HARTING,Electrical,https://ryedesign.github.io/spare-parts-assets/Harting_09160243001_HanInsert.png,https://ryedesign.github.io/spare-parts-assets/Harting_09160243001_HanInsert.pdf,https://www.ryebot.com/parts/?item=09200101541,"electrical, harting"
09160243101,HAN INSERT,HARTING,Electrical,https://ryedesign.github.io/spare-parts-assets/Harting_09160243101_HanInsert.png,https://ryedesign.github.io/spare-parts-assets/Harting_09160243101_HanInsert.pdf,https://www.ryebot.com/parts/?item=09200102612,"electrical, harting"
09200100301,HAN BASE,HARTING,Electrical,https://ryedesign.github.io/spare-parts-assets/Harting_09200100301_HanBase.png,https://ryedesign.github.io/spare-parts-assets/Harting_09200100301_HanBase.pdf,https://www.ryebot.com/parts/?item=09200102812,"electrical, harting"
09200101541,Han Hood,HARTING,Electrical,https://ryedesign.github.io/spare-parts-assets/Harting_09200101541_HanHood.png,https://ryedesign.github.io/spare-parts-assets/Harting_09200101541_HanHood.pdf,https://www.ryebot.com/parts/?item=09200160301,"electrical, harting"
09200102612,Rectangular Plug Insert,HARTING,Electrical,https://ryedesign.github.io/spare-parts-assets/Harting_09200102612_RectangularPlugInsert.png,https://ryedesign.github.io/spare-parts-assets/Harting_09200102612_RectangularPlugInsert.pdf,https://www.ryebot.com/parts/?item=09200162612,"electrical, harting"
09200102812,Rectangular Socket Insert,HARTING,Electrical,https://ryedesign.github.io/spare-parts-assets/Harting_09200102812_RectangularSocketInsert.png,https://ryedesign.github.io/spare-parts-assets/Harting_09200102812_RectangularSocketInsert.pdf,https://www.ryebot.com/parts/?item=09300060302,"electrical, harting"
09200160301,HAN INSERT,HARTING,Electrical,https://ryedesign.github.io/spare-parts-assets/Harting_09200160301_HanInsert.png,https://ryedesign.github.io/spare-parts-assets/Harting_09200160301_HAN INSERT.pdf,https://www.ryebot.com/parts/?item=09300061308,"electrical, harting"
09200162612,HAN INSERT,HARTING,Electrical,https://ryedesign.github.io/spare-parts-assets/Harting_09200162612_HanInsert.png,https://ryedesign.github.io/spare-parts-assets/Harting_09200162612_HanInsert.pdf,https://www.ryebot.com/parts/?item=09330062601,"electrical, harting"
09300060302,HAN BASE,HARTING,Electrical,https://ryedesign.github.io/spare-parts-assets/Harting_09300060302_HanBase.png,https://ryedesign.github.io/spare-parts-assets/Harting_09300060302_HanBase.pdf,https://www.ryebot.com/parts/?item=19200100546,"electrical, harting"
09300061308,HAN BASE COVER,HARTING,Electrical,https://ryedesign.github.io/spare-parts-assets/Harting_09300061308_HanBaseCover.png,https://ryedesign.github.io/spare-parts-assets/Harting_09300061308_HanBaseCover.pdf,https://www.ryebot.com/parts/?item=19200161540,"electrical, harting"
09330062601,HAN INSERT,HARTING,Electrical,https://ryedesign.github.io/spare-parts-assets/Harting_09330062601_HanInsert.png,https://ryedesign.github.io/spare-parts-assets/Harting_09330062601_HanInsert.pdf,https://www.ryebot.com/parts/?item=19300060546,"electrical, harting"
EC-RTC12M-330-0-PN,DC ROTARY,IAI,Motion,https://ryedesign.github.io/spare-parts-assets/IAI_EC-RTC12M-330-0-PN_DCRotary.png,https://ryedesign.github.io/spare-parts-assets/IAI_EC-RTC12M-330-0-PN_DCRotary.pdf,https://www.ryebot.com/parts/?item=EC-RTC12M-330-0-PN,"iai, motion"
GC-1000,SAFETY PLC,KEYENCE,Safety,https://ryedesign.github.io/spare-parts-assets/Keyence_GC-1000_SafetyPLC.png,https://ryedesign.github.io/spare-parts-assets/Keyence_GC-1000_SafetyPLC.pdf,https://www.ryebot.com/parts/?item=GC-1000,"controller, keyence, plc, safety, safety controller, safety plc"
GC-S16,SAFETY INPUTS,KEYENCE,Safety,https://ryedesign.github.io/spare-parts-assets/Keyence_GC-S16_SafetyInput.png,https://ryedesign.github.io/spare-parts-assets/Keyence_GC-S16_SafetyInput.pdf,https://www.ryebot.com/parts/?item=GC-S16,"keyence, safety"
GC-S1R,SAFETY RELAY,KEYENCE,Safety,https://ryedesign.github.io/spare-parts-assets/Keyence_GC-S1R_SafetyRelay.png,https://ryedesign.github.io/spare-parts-assets/Keyence_GC-S1R_SafetyRelay.pdf,https://www.ryebot.com/parts/?item=GC-S1R,"keyence, output relay, relay, safety, safety output, safety relay, switching"
A4000580,"GROUND PIN ASBLY. W/BKT, 900A (replaces L10402-4 -- obsolete/discontinued)",Lincoln,Robotics Accessories,,,https://www.ryebot.com/parts/?item=A4000580,"lincoln, robotics accessories"
AD1389-36,"MONOFLEX ROBOT KIT,70MM BODY,19MM NECK",Lincoln,Robotics Accessories,https://ryedesign.github.io/spare-parts-assets/lincoln_AD1389-36_on-torch-kit.png,,https://www.ryebot.com/parts/?item=AD1389-36,"lincoln, robotics accessories"
K2391-1,POWER REAM,LINCOLN,Robotics Accessories,https://ryedesign.github.io/spare-parts-assets/Lincoln_K2391-1_POWERREAM.png,https://ryedesign.github.io/spare-parts-assets/Lincoln_K2391-1_POWERREAM.pdf,https://www.ryebot.com/parts/?item=K2391-1,"lincoln, robotics accessories"
K2685-3,AUTODRIVE,LINCOLN,Robotics Accessories,https://ryedesign.github.io/spare-parts-assets/Lincoln_K2685-3_AUTODRIVE.png,https://ryedesign.github.io/spare-parts-assets/Lincoln_K2685-3_AUTODRIVE.pdf,https://www.ryebot.com/parts/?item=K2685-3,"autodrive, lincoln, robotics accessories, wire drive, wire feeder"
K3004-1,AUTODRIVE 19,LINCOLN,Robotics Accessories,https://ryedesign.github.io/spare-parts-assets/Lincoln_K3004-1_AUTODRIVE19.png,https://ryedesign.github.io/spare-parts-assets/Lincoln_K3004-1_AUTODRIVE19.pdf,https://www.ryebot.com/parts/?item=K3004-1,"autodrive, lincoln, robotics accessories, wire drive, wire feeder"
K3279-1,POWER WAVE,LINCOLN,Robotics Accessories,https://ryedesign.github.io/spare-parts-assets/Lincoln_K3279-1_POWERWAVE.png,https://ryedesign.github.io/spare-parts-assets/Lincoln_K3279-1_POWERWAVE.pdf,https://www.ryebot.com/parts/?item=K3279-1,"lincoln, robotics accessories"
K4713-1,COOLWAVE,LINCOLN,Robotics Accessories,https://ryedesign.github.io/spare-parts-assets/Lincoln_K4713-1_COOLWAVE.png,https://ryedesign.github.io/spare-parts-assets/Lincoln_K4713-1_COOLWAVE.pdf,https://www.ryebot.com/parts/?item=K4713-1,"cooling unit, lincoln, robotics accessories, torch cooler, water cooler"
K5271-1,XTRACTOR SQUARED,LINCOLN,Robotics Accessories,https://ryedesign.github.io/spare-parts-assets/Lincoln_K5271-1_XTRACTORSQUARED.png,https://ryedesign.github.io/spare-parts-assets/Lincoln_K5271-1_XTRACTORSQUARED.pdf,https://www.ryebot.com/parts/?item=K5271-1,"fume extraction, fume gun, lincoln, robotics accessories, smoke extraction, weld fume"
K5412-1,INLET PLUG KIT,Lincoln,Robotics Accessories,,,https://www.ryebot.com/parts/?item=K5412-1,"lincoln, robotics accessories"
1497K979,Keyed Rotary Shaft,MCMASTER,Hardware,https://ryedesign.github.io/spare-parts-assets/McMaster_1497K979_KeyedRotaryShaft.png,https://ryedesign.github.io/spare-parts-assets/McMaster_1497K979_KeyedRotaryShaft.pdf,https://www.ryebot.com/parts/?item=1497K979,"bearing, hardware, linear motion, mcmaster, mcmaster-carr, rail, shaft"
1582T7,"Angle Rail For V-Groove Track Rollers, Steel, Rockwell C53, 1-1/16"" High x 7/16"" Wide Overall, 1' Long",MCMASTER,Hardware,https://ryedesign.github.io/spare-parts-assets/mcmc_1582T7_angle-rail.png,,https://www.ryebot.com/parts/?item=1582T7,"bearing, hardware, linear motion, mcmaster, mcmaster-carr, rail, shaft"
1865K112,"Aluminum Easy-Access Base-Mounted Shaft Support, Black Anodized, T-Shaped, For 1"" Shaft Diameter",MCMASTER,Hardware,https://ryedesign.github.io/spare-parts-assets/mcm_1865K112_blk-t-shaped-shaft-support.png,https://ryedesign.github.io/spare-parts-assets/mcm_1865K112_blk-t-shaped-shaft-support.pdf,https://www.ryebot.com/parts/?item=1865K112,"bearing, bracket, hardware, linear motion, mcmaster, mcmaster-carr, mounting, rail, shaft"
1865K7,"Aluminum Easy-Access Base-Mounted Shaft Support, Anodized, Low-Profile T-Shaped, For 1-1/4"" Shaft Diameter",MCMASTER,Hardware,https://ryedesign.github.io/spare-parts-assets/mcmc_1865K7_t-shaped-shaft-support.png,https://ryedesign.github.io/spare-parts-assets/mcmc_1865K7_t-shaped-shaft-support.pdf,https://www.ryebot.com/parts/?item=1865K7,"bearing, bracket, hardware, linear motion, mcmaster, mcmaster-carr, mounting, rail, shaft"
2727N33,"Nonslip Unthreaded Bumper, Smooth, Unthreaded Hole, 2-1/2"" Long, 5/8"" Wide, 1/2"" High",MCMASTER,Hardware,https://ryedesign.github.io/spare-parts-assets/mcmc_2727N33_ns-unthread-bumper.png,https://ryedesign.github.io/spare-parts-assets/mcmc_2727N33_ns-unthread-bumper.pdf,https://www.ryebot.com/parts/?item=2727N33,"hardware, mcmaster, mcmaster-carr"
4556T82,"Mounting Brackets For 1.4"" High x 2.1"" Wide Snap-Together Cable And Hose Carrier",MCMASTER,Hardware,https://ryedesign.github.io/spare-parts-assets/mcmc_4556T82_mounting-brkt.png,https://ryedesign.github.io/spare-parts-assets/mcmc_4556T82_mounting-brkt.pdf,https://www.ryebot.com/parts/?item=4556T82,"bracket, hardware, mcmaster, mcmaster-carr, mounting"
47065T27,Diag Brace for 1.5x18inch Rail,MCMASTER,Hardware,https://ryedesign.github.io/spare-parts-assets/McMaster_47065T27_DiagBrace.png,https://ryedesign.github.io/spare-parts-assets/McMaster_47065T27_DiagBrace.pdf,https://www.ryebot.com/parts/?item=47065T27,"bearing, hardware, linear motion, mcmaster, mcmaster-carr, rail, shaft"
4766T11,"Washdown Relay, Spdt, 12V Ac/Dc, 24V Ac/Dc, 120V Ac",MCMASTER,Hardware,https://ryedesign.github.io/spare-parts-assets/mcmc_4766T11_washdown-relay.png,,https://www.ryebot.com/parts/?item=4766T11,"hardware, mcmaster, mcmaster-carr, output relay, relay, switching"
6061K216,"Linear Motion Shaft, 1566 Carbon Steel, 1"" Diameter, 84"" Long",MCMASTER,Hardware,https://ryedesign.github.io/spare-parts-assets/mcmc_6061K216_lin-motion-shaft.png,https://ryedesign.github.io/spare-parts-assets/mcmc_6061K216_lin-motion-shaft.pdf,https://www.ryebot.com/parts/?item=6061K216,"bearing, hardware, linear motion, mcmaster, mcmaster-carr, rail, shaft"
6111K158,"Swivel Leveling Mount, Nickel-Plated Steel With 4"" Long 7/8""-9 Threaded Stud",MCMASTER,Hardware,https://ryedesign.github.io/spare-parts-assets/mcmc_6111K158_swivel-level-mnt.png,https://ryedesign.github.io/spare-parts-assets/mcmc_6111K158_swivel-level-mnt.pdf,https://www.ryebot.com/parts/?item=6111K158,"bracket, hardware, mcmaster, mcmaster-carr, mounting"
6318K63,"Threaded Track Roller, Hex Stud End Drive, 2-1/2"" Diameter x 1-1/4"" Wide Roller",MCMASTER,Hardware,https://ryedesign.github.io/spare-parts-assets/mcmc_6318K63_threaded-track-roller.png,https://ryedesign.github.io/spare-parts-assets/mcmc_6318K63_threaded-track-roller.pdf,https://www.ryebot.com/parts/?item=6318K63,"hardware, mcmaster, mcmaster-carr"
6435K77,"Clamping Shaft Collar For 3"" Diameter, Black-Oxide 1215 Carbon Steel",MCMASTER,Hardware,https://ryedesign.github.io/spare-parts-assets/mcmc_6435K77_clmp-shaft-collar.png,https://ryedesign.github.io/spare-parts-assets/mcmc_6435K77_clmp-shaft-collar.pdf,https://www.ryebot.com/parts/?item=6435K77,"bearing, bracket, hardware, linear motion, mcmaster, mcmaster-carr, mounting, rail, shaft"
6508K131,Compact Rotary Air Actuator,MCMASTER,Actuator,https://ryedesign.github.io/spare-parts-assets/McMaster_6508K131_CompactRotaryAirActuator.png,https://ryedesign.github.io/spare-parts-assets/McMaster_6508K131_CompactRotaryAirActuator.pdf,https://www.ryebot.com/parts/?item=6508K131,"actuator, hardware, mcmaster, mcmaster-carr"
6511K511,"Low-Carbon Steel Bar With Rounded Edges, 1/8"" Thick, 2"" Wide, 1 Foot Long",MCMASTER,Hardware,https://ryedesign.github.io/spare-parts-assets/mcmc_6511K511_steel-bar-.12x2x12inches.png,,https://www.ryebot.com/parts/?item=6511K511,"hardware, mcmaster, mcmaster-carr"
6675K13,"High-Speed Flange-Mounted Linear Sleeve Bearing For 1"" Shaft Diameter",MCMASTER,Hardware,https://ryedesign.github.io/spare-parts-assets/mcmc_6675K13_lin-slv-bearing.png,https://ryedesign.github.io/spare-parts-assets/mcmc_6675K13_lin-slv-bearing.pdf,https://www.ryebot.com/parts/?item=6675K13,"bearing, bracket, hardware, linear motion, mcmaster, mcmaster-carr, mounting, rail, shaft"
7257K2,"Hook-and-Loop Wrap-Around Sleeving Nylon Fabric, 1-1/2"" ID, 25 ft. Length",MCMASTER,Electrical,https://ryedesign.github.io/spare-parts-assets/mcmc_7257K2_wire-sleeve-1.5in-ID-50ft.png,,https://www.ryebot.com/parts/?item=7257K2,"electrical, hardware, mcmaster, mcmaster-carr"
7940A97,"Welding Cable 600V AC/DC, 3/0-Gauge Wire, Black Outer Insulation, 50 ft. Length",MCMASTER,Cables,https://ryedesign.github.io/spare-parts-assets/mcmc_7940A97_weld-cable-50ft.png,,https://www.ryebot.com/parts/?item=7940A97,"cables, hardware, mcmaster, mcmaster-carr"
8031K28,Compression Butt Splice For 3/0 Wire Gauge,MCMASTER,Electrical,https://ryedesign.github.io/spare-parts-assets/mcmc_8031K28_comp-splice.png,https://ryedesign.github.io/spare-parts-assets/mcmc_8031K28_comp-splice.pdf,https://www.ryebot.com/parts/?item=8031K28,"electrical, hardware, mcmaster, mcmaster-carr"
8130K172,"Raceway, 4"" Wide x 4"" Deep, 10 Feet Long",MCMASTER,Electrical,https://ryedesign.github.io/spare-parts-assets/mcmc_8130K172_10ft-raceway.png,https://ryedesign.github.io/spare-parts-assets/mcmc_8130K172_10ft-raceway.pdf,https://www.ryebot.com/parts/?item=8130K172,"electrical, hardware, mcmaster, mcmaster-carr"
8130K21,"4"" Wide x 4"" Deep 90 Degree Elbow For Raceway",MCMASTER,Electrical,https://ryedesign.github.io/spare-parts-assets/mcmc_8130K21_4x4-90-deg-elbow-raceway.png,https://ryedesign.github.io/spare-parts-assets/mcmc_8130K21_4x4-90-deg-elbow-raceway.pdf,https://www.ryebot.com/parts/?item=8130K21,"electrical, hardware, mcmaster, mcmaster-carr"
8157K64,"Cable SJT, Black Outer Insulation, 16 Gauge, 50 ft. Length",MCMASTER,Cables,https://ryedesign.github.io/spare-parts-assets/mcmc_8157K64_16g-cable-sjt-50ft.png,,https://www.ryebot.com/parts/?item=8157K64,"cables, hardware, mcmaster, mcmaster-carr"
70978149,ATDR6 Fuse Time-Delay Class CC Current Limiting 200kA AC/100kA DC 600VAC/300VDC 6A,MERSEN,Electrical,https://ryedesign.github.io/spare-parts-assets/Mersen_70978149_ATDR6FuseTime-Delay.png,https://ryedesign.github.io/spare-parts-assets/Mersen_70978149_ATDR6FuseTime-Delay.pdf,https://www.ryebot.com/parts/?item=70978149,"electrical, fuse, mersen, overcurrent, protection"
70978843,"Fuseholder, Class CC, UltraSafe, 3P, 600VAC/DC, SCCR 200kA, 30A, Screw Terminal",MERSEN,Electrical,https://ryedesign.github.io/spare-parts-assets/Mersen_70978843_USCC3Fuseholder.png,https://ryedesign.github.io/spare-parts-assets/Mersen_70978843_USCC3Fuseholder.pdf,https://www.ryebot.com/parts/?item=70978843,"electrical, fuse, mersen, overcurrent, protection"
A70QS50-22F,AMP TRAP FORM 101 Pn: 34987 UPC: 78200114210,MERSEN,Electrical,https://ryedesign.github.io/spare-parts-assets/Mersen_A70QS50-22F_AMP-TRAPSemiconductorFuse.png,https://ryedesign.github.io/spare-parts-assets/Mersen_A70QS50-22F_AMP-TRAPSemiconductorFuse.pdf,https://www.ryebot.com/parts/?item=A70QS50-22F,"electrical, mersen"
R331169 US223,ULTRASAFE 750V-100A 22MM 3P Pn: 10805 UPC: 78200131133,MERSEN,Electrical,https://ryedesign.github.io/spare-parts-assets/Mersen_R331169_US223UltraSafeModularFuseHolder.png,https://ryedesign.github.io/spare-parts-assets/Mersen_R331169_US223UltraSafeModularFuseHolder.pdf,https://www.ryebot.com/parts/?item=R331169%20US223,"electrical, mersen"
58902,XENTERRA 8TX UNMANAGED SWITCH 8 PORT 100Mbit,MURR,Electrical,https://ryedesign.github.io/spare-parts-assets/Murr_58902_Xenterra8PortSwitch.png,https://ryedesign.github.io/spare-parts-assets/Murr_58902_Xenterra8PortSwitch.pdf,https://www.ryebot.com/parts/?item=58902,"electrical, ethernet switch, murr, murr connector, murrelektronik, network switch, unmanaged switch"
58904,XENTERRA 16TX UNMANAGED SWITCH 16 PORT 100Mbit,MURR,Electrical,https://ryedesign.github.io/spare-parts-assets/Murr_58904_Xenterra16PortSwitch.png,https://ryedesign.github.io/spare-parts-assets/Murr_58904_Xenterra16PortSwitch.pdf,https://www.ryebot.com/parts/?item=58904,"electrical, ethernet switch, murr, murr connector, murrelektronik, network switch, unmanaged switch"
8000-44752-0000000,"5 PIN THRU WALL, SET OF 4",MURR,Electrical,https://ryedesign.github.io/spare-parts-assets/Murr_8000-44752-0000000_5PinThruWall.png,https://ryedesign.github.io/spare-parts-assets/Murr_8000-44752-0000000_5PinThruWall.pdf,https://www.ryebot.com/parts/?item=8000-44752-0000000,"electrical, murr, murr connector, murrelektronik"
8000-88590-000000,"EXACT12, 8XM12, 5 POL...5TH POLE CONNECTED (GROUND)..BACK SIDE TERMINALS",MURR,Electrical,https://ryedesign.github.io/spare-parts-assets/Murr_8000-88590-0000000_Exact12.png,https://ryedesign.github.io/spare-parts-assets/Murr_8000-88590-0000000_Exact12.pdf,https://www.ryebot.com/parts/?item=8000-88590-000000,"electrical, murr, murr connector, murrelektronik"
OPTCT3MLSF,CT 3M Infrared Temperature Sensor,OPTRIS,Sensors,https://ryedesign.github.io/spare-parts-assets/Optris_OPTCT3MLSF_CT3MInfraredTempSensor.png,https://ryedesign.github.io/spare-parts-assets/Optris_OPTCT3MLSF_CT3MInfraredTempSensor.pdf,https://www.ryebot.com/parts/?item=OPTCT3MLSF,"infrared, ir sensor, optris, sensors, temperature sensor, thermal sensor"
CP10.241,POWER SUPPLY,PULS,Power,https://ryedesign.github.io/spare-parts-assets/PULS_CP10.241_PwrSply.png,https://ryedesign.github.io/spare-parts-assets/PULS_CP10.241_PwrSply.pdf,https://www.ryebot.com/parts/?item=CP10.241,"24v supply, dc power, power, power supply, psu, puls"
CP20.241,POWER SUPPLY,PULS,Power,https://ryedesign.github.io/spare-parts-assets/PULS_CP20.241_PwrSply.png,https://ryedesign.github.io/spare-parts-assets/PULS_CP20.241_PwrSply.pdf,https://www.ryebot.com/parts/?item=CP20.241,"24v supply, dc power, power, power supply, psu, puls"
CT10.241,POWER SUPPLY,PULS,Power,https://ryedesign.github.io/spare-parts-assets/PULS_CT10.241_PwrSply.png,https://ryedesign.github.io/spare-parts-assets/PULS_CT10.241_PwrSply.pdf,https://www.ryebot.com/parts/?item=CT10.241,"24v supply, dc power, power, power supply, psu, puls"
QT20.241,POWER SUPPLY,PULS,Power,https://ryedesign.github.io/spare-parts-assets/PULS_QT20.241_PwrSply.png,https://ryedesign.github.io/spare-parts-assets/PULS_QT20.241_PwrSply.pdf,https://www.ryebot.com/parts/?item=QT20.241,"24v supply, dc power, power, power supply, psu, puls"
108TX,"ETHERNET SWITCH, RED LION, 8 PORT",RED LION,Electrical,https://ryedesign.github.io/spare-parts-assets/RedLion_108TX_EthernetSwitch.png,https://ryedesign.github.io/spare-parts-assets/RedLion_108TX_EthernetSwitch.pdf,https://www.ryebot.com/parts/?item=108TX,"cat5, electrical, ethernet, ethernet switch, m12 ethernet, network cable, network switch, red lion, rj45, unmanaged switch"
CR1000-10000-00210,"REDLION 10.4"" HMI",RED LION,HMI,https://ryedesign.github.io/spare-parts-assets/RedLion_CR10001000000210_10inchHMI.jpg,https://ryedesign.github.io/spare-parts-assets/RedLion_CR10001000000210_10inchHMI.pdf,https://www.ryebot.com/parts/?item=CR1000-10000-00210,"hmi, human machine interface, operator panel, red lion, touchscreen"
CR3000-15000-00420,"REDLION 15"" HMI",RED LION,HMI,https://ryedesign.github.io/spare-parts-assets/RedLion_CR30001500000420_15inchHMI.png,https://ryedesign.github.io/spare-parts-assets/RedLion_CR30001500000420_15inchHMI.pdf,https://www.ryebot.com/parts/?item=CR3000-15000-00420,"hmi, human machine interface, operator panel, red lion, touchscreen"
SCE-30N2408LP,Enclosure,Saginaw,Electrical,https://ryedesign.github.io/spare-parts-assets/saginaw_sce-30n2408lp_enclosure.png,,https://www.ryebot.com/parts/?item=SCE-30N2408LP,"cabinet, electrical, electrical enclosure, enclosure, panel, saginaw"
SCE-30N24MP,Subpanel,Saginaw,Electrical,https://ryedesign.github.io/spare-parts-assets/saginaw_sce-30n24mp_back-panel-for-sce-30N2408LP.png,,https://www.ryebot.com/parts/?item=SCE-30N24MP,"cabinet, electrical, electrical enclosure, enclosure, panel, saginaw"
42115,High Speed Protective Shutter for 100L and 350L laser-cameras,Servo-Robot,Vision,,,https://www.ryebot.com/parts/?item=022160B,"servo-robot, vision"
42117,Electrically insulated precision holder for laser-camera,Servo-Robot,Vision,,,https://www.ryebot.com/parts/?item=42115,"servo-robot, vision"
76855,System Interface Box 24VDC,Servo-Robot,Vision,,,https://www.ryebot.com/parts/?item=42117,"servo-robot, vision"
80160210,10m Industrial shielded ethernet cable (RJ45 to etherCON RJ45),Servo-Robot,Cables,,,https://www.ryebot.com/parts/?item=76855,"cables, cat5, ethernet, m12 ethernet, network cable, rj45, servo-robot"
80340110,"10m Universal Robot Sensor cable (M16 to M16, 12pos)",Servo-Robot,Cables,,,https://www.ryebot.com/parts/?item=80160210,"cables, cordset, extension, m12 cable, sensor cable, servo-robot"
80340210,10m Extension Cable M16/12 female to M16/12 male,Servo-Robot,Cables,,,https://www.ryebot.com/parts/?item=80340110,"cables, cordset, extension, m12 cable, sensor cable, servo-robot"
022160B,i-CUBE 100L Universal robot sensor,Servo-Robot,Sensors,https://ryedesign.github.io/spare-parts-assets/servo-robot_022160b_i-cube-100l-universal-robot-sensor.png,,https://www.ryebot.com/parts/?item=80340210,"sensors, servo-robot"
9899-0047,Calibration target 2.0,Servo-Robot,Vision,,,https://www.ryebot.com/parts/?item=9899-0047,"servo-robot, vision"
1053014,MZT8-19VPS-KP0 Cylinder Sensor,SICK,Sensors,https://ryedesign.github.io/spare-parts-assets/Sick_1053014_MZT8-19VPS-KP0CylinderSensor.png,https://ryedesign.github.io/spare-parts-assets/Sick_1053014_MZT8-19VPS-KP0CylinderSensor.pdf,https://www.ryebot.com/parts/?item=1053014,"actuator, air cylinder, cylinder, cylinder sensor, magnetic sensor, piston sensor, pneumatic cylinder, position sensor, sensors, sick, sick safety, sick sensor"
1058193,GRTE18S-P2347 GRTE SENSOR,SICK,Sensors,https://ryedesign.github.io/spare-parts-assets/Sick_1058193_GRTE18S-P2347Sensor.png,https://ryedesign.github.io/spare-parts-assets/Sick_1058193_GRTE18S-P2347Sensor.pdf,https://www.ryebot.com/parts/?item=1058193,"sensors, sick, sick safety, sick sensor"
1069565,STR1-SAFM0AC5 SAFETY SWITCH,SICK,Safety,https://ryedesign.github.io/spare-parts-assets/Sick_1069565_STR1-SAFM0AC5SafetySensor.png,https://ryedesign.github.io/spare-parts-assets/Sick_1069565_STR1-SAFM0AC5SafetySensor.pdf,https://www.ryebot.com/parts/?item=1069565,"door lock, interlock, safety, safety interlock, safety switch, sick, sick safety, sick sensor"
1069566,STR1-SAFM0AC8 Sick non contact safety switch,SICK,Safety,https://ryedesign.github.io/spare-parts-assets/Sick_1069566_STR1-SAFM0AC8SafetySensor.avif,https://ryedesign.github.io/spare-parts-assets/Sick_1069566_STR1-SAFM0AC8SafetySensor.pdf,https://www.ryebot.com/parts/?item=1069566,"door lock, interlock, safety, safety interlock, safety switch, sick, sick safety, sick sensor"
1072750,IMB12-08NPSVC0K HOMING SENSOR,SICK,Sensors,https://ryedesign.github.io/spare-parts-assets/Sick_1072750_IMB12-08NPSVC0KProximitySensor.png,https://ryedesign.github.io/spare-parts-assets/Sick_1072750_IMB12-08NPSVC0KProximitySensor.pdf,https://www.ryebot.com/parts/?item=1072750,"sensors, sick, sick safety, sick sensor"
1072821,IMB18-08BPSVC0K-PROX-SENSOR,SICK,Sensors,https://ryedesign.github.io/spare-parts-assets/SICK_1072821_IMB18-08BPSVC0K-PROX-SENSOR.png,https://ryedesign.github.io/spare-parts-assets/SICK_1072821_IMB18-08BPSVC0K-PROX-SENSOR.pdf,https://www.ryebot.com/parts/?item=1072821,"sensors, sick, sick safety, sick sensor"
1073221,STR1-XAF SAFETY INTERLOCK MAGNET,SICK,Safety,https://ryedesign.github.io/spare-parts-assets/Sick_1073221_STR1-XAFSafetyInterlockMagnet.png,https://ryedesign.github.io/spare-parts-assets/Sick_1073221_STR1-XAFSafetyInterlockMagnet.pdf,https://www.ryebot.com/parts/?item=1073221,"door lock, interlock, safety, safety interlock, safety switch, sick, sick safety, sick sensor"
1075842,"MICS3-AAAZ40AZ1P01 SENSOR, MICROSCAN 3, 4.4 M, CORE I/O",SICK,Sensors,https://ryedesign.github.io/spare-parts-assets/Sick_1075842_MICS3-AAAZ40AZ1P01SafetyLaserScanner.png,https://ryedesign.github.io/spare-parts-assets/Sick_1075842_MICS3-AAAZ40AZ1P01SafetyLaserScanner.pdf,https://www.ryebot.com/parts/?item=1075842,"sensors, sick, sick safety, sick sensor"
1077942,MLP1-SMMC0AC DOOR LOCK,SICK,Safety,https://ryedesign.github.io/spare-parts-assets/Sick_1077942_MLP1-SMMC0ACMagneticLock.png,https://ryedesign.github.io/spare-parts-assets/Sick_1077942_MLP1-SMMC0ACMagneticLock.pdf,https://www.ryebot.com/parts/?item=1077942,"door lock, interlock, safety, safety interlock, safety switch, sick, sick safety, sick sensor"
1078201,MLP1-XXT DOOR LOCK TERMINATOR,SICK,Safety,https://ryedesign.github.io/spare-parts-assets/Sick_1078201_MLP1-XXTMLP1AdaptorEndPlug.png,https://ryedesign.github.io/spare-parts-assets/Sick_1078201_MLP1-XXTMLP1AdaptorEndPlug.pdf,https://www.ryebot.com/parts/?item=1078201,"door lock, interlock, safety, safety interlock, safety switch, sick, sick safety, sick sensor"
1082473,WTT12L-A2543 MultiTask Photoelectric Sensors; Power Prox,SICK,Sensors,https://ryedesign.github.io/spare-parts-assets/Sick_1082473_WTT12L-A2543DistanceSensor.avif,https://ryedesign.github.io/spare-parts-assets/Sick_1082473_WTT12L-A2543DistanceSensor.pdf,https://www.ryebot.com/parts/?item=1082473,"beam sensor, optical sensor, photo eye, photoelectric, sensors, sick, sick safety, sick sensor"
1083735,"PAC50-FNA, PRESSURE SWITCH",SICK,Sensors,https://ryedesign.github.io/spare-parts-assets/Sick_1083735_PAC50-FNAPressureSensor.png,https://ryedesign.github.io/spare-parts-assets/Sick_1083735_PAC50-FNAPressureSensor.pdf,https://www.ryebot.com/parts/?item=1083735,"pressure sensor, pressure switch, pressure transducer, sensors, sick, sick safety, sick sensor"
1083737,PAC50-FNC PRESSURE SENSOR,SICK,Sensors,https://ryedesign.github.io/spare-parts-assets/Sick_1083737_PAC50-FNCPressureSensor.png,https://ryedesign.github.io/spare-parts-assets/Sick_1083737_PAC50-FNCPressureSensor.pdf,https://www.ryebot.com/parts/?item=1083737,"pressure sensor, pressure switch, pressure transducer, sensors, sick, sick safety, sick sensor"
1092921,HL18-P4A3AE PHOTOELECTRIC SENSOR,SICK,Sensors,https://ryedesign.github.io/spare-parts-assets/Sick_1092921_HL18-P4A3AEPhotoelectricSensor.png,https://ryedesign.github.io/spare-parts-assets/Sick_1092921_HL18-P4A3AEPhotoelectricSensor.pdf,https://www.ryebot.com/parts/?item=1092921,"beam sensor, optical sensor, photo eye, photoelectric, sensors, sick, sick safety, sick sensor"
1105435,WTB4FT-22161120A00 SENSOR,SICK,Sensors,https://ryedesign.github.io/spare-parts-assets/Sick_1105435_WTB4FT-22161120A00W4Sensor.png,https://ryedesign.github.io/spare-parts-assets/Sick_1105435_WTB4FT-22161120A00W4Sensor.pdf,https://www.ryebot.com/parts/?item=1105435,"sensors, sick, sick safety, sick sensor"
1117626,MLP1-SMUF0AC SAFETY LOCKING DEVICES,SICK,Safety,https://ryedesign.github.io/spare-parts-assets/Sick_1117626_MLP1-SMUF0ACSafetyLock.png,https://ryedesign.github.io/spare-parts-assets/Sick_1117626_MLP1-SMUF0ACSafetyLock.pdf,https://www.ryebot.com/parts/?item=1117626,"safety, sick, sick safety, sick sensor"
1220131,"C4P-SA15031A00 LIGHT CURTAIN, TRANSMITTER",SICK,Safety,https://ryedesign.github.io/spare-parts-assets/Sick_1220131_C4P-SA15031A00SafetyLightCurtainTransmitter.png,https://ryedesign.github.io/spare-parts-assets/Sick_1220131_C4P-SA15031A00SafetyLightCurtainTransmitter.pdf,https://www.ryebot.com/parts/?item=1220131,"light curtain, lightcurtain, presence detection, safety, safety curtain, sick, sick safety, sick sensor"
1220158,"C4P-EA15031D00 LIGHT CURTAIN, RECEIVER",SICK,Safety,https://ryedesign.github.io/spare-parts-assets/Sick_1220158_C4P-EA15031D00SafetyLightCurtainReceiver.png,https://ryedesign.github.io/spare-parts-assets/Sick_1220158_C4P-EA15031D00SafetyLightCurtainReceiver.pdf,https://www.ryebot.com/parts/?item=1220158,"light curtain, lightcurtain, presence detection, safety, safety curtain, sick, sick safety, sick sensor"
2066614,BEF-1SHABPKU4 Bracket,SICK,Hardware,https://ryedesign.github.io/spare-parts-assets/Sick_2066614_BEF-1SHABPKU4Bracket.png,https://ryedesign.github.io/spare-parts-assets/Sick_2066614_BEF-1SHABPKU4Bracket.pdf,https://www.ryebot.com/parts/?item=2066614,"bracket, hardware, mounting, sick, sick safety, sick sensor"
2074242,MICS3 1B MOUNTING BRACKET,SICK,Hardware,https://ryedesign.github.io/spare-parts-assets/Sick_2074242_MICS3MOUNTINGBRACKET.avif,https://ryedesign.github.io/spare-parts-assets/Sick_2074242_MICS3MOUNTINGBRACKET.pdf,https://www.ryebot.com/parts/?item=2074242,"bracket, hardware, mounting, sick, sick safety, sick sensor"
2076832,SP1-1000 LIGHT CURTAIN PLUG,SICK,Safety,https://ryedesign.github.io/spare-parts-assets/Sick_2076832_SP1-1000LightCurtainPlug.png,https://ryedesign.github.io/spare-parts-assets/Sick_2076832_SP1-1000LightCurtainPlug.pdf,https://www.ryebot.com/parts/?item=2076832,"light curtain, lightcurtain, presence detection, safety, safety curtain, sick, sick safety, sick sensor"
2077683,BEF-KHZ-RT1-63: Accessories Mounting systems,SICK,Hardware,https://ryedesign.github.io/spare-parts-assets/Sick_2077683_BEF-KHZ-RT1-63MountingSystem.png,https://ryedesign.github.io/spare-parts-assets/Sick_2077683_BEF-KHZ-RT1-63MountingSystem.pdf,https://www.ryebot.com/parts/?item=2077683,"bracket, hardware, mounting, sick, sick safety, sick sensor"
2088111,LPC-WTT12L LENS PROTECTION COVER AND SCREENS,SICK,Safety,https://ryedesign.github.io/spare-parts-assets/Sick_2088111_LPC-WTT12LLensProtector.png,https://ryedesign.github.io/spare-parts-assets/Sick_2088111_LPC-WTT12LLensProtector.pdf,https://www.ryebot.com/parts/?item=2088111,"c-mount, lens, optics, safety, sick, sick safety, sick sensor"
2092167,MLP1-XA ACTUATOR,SICK,Actuator,https://ryedesign.github.io/spare-parts-assets/Sick_2092167_MLP1-XAActuator.png,https://ryedesign.github.io/spare-parts-assets/Sick_2092167_MLP1-XAActuator.pdf,https://www.ryebot.com/parts/?item=2092167,"actuator, sick, sick safety, sick sensor"
5314244,REF-IRF-56 REFLECTIVE TAPE,SICK,Safety,https://ryedesign.github.io/spare-parts-assets/Sick_5314244_REF-IRF-56ReflectiveTape.png,https://ryedesign.github.io/spare-parts-assets/Sick_5314244_REF-IRF-56ReflectiveTape.pdf,https://www.ryebot.com/parts/?item=5314244,"safety, sick, sick safety, sick sensor"
6030664,DSC-1205T000025KM0 LIGHT CURTAIN TEE,SICK,Safety,https://ryedesign.github.io/spare-parts-assets/Sick_6030664_DSC-1205T000025KM0LightCurtainT.png,https://ryedesign.github.io/spare-parts-assets/Sick_6030664_DSC-1205T000025KM0LightCurtainT.pdf,https://www.ryebot.com/parts/?item=6030664,"light curtain, lightcurtain, presence detection, safety, safety curtain, sick, sick safety, sick sensor"
EX600-DMPE-DSUB,VAC CONTROL DIO,SMC,Vacuum,https://ryedesign.github.io/spare-parts-assets/SMC_EX600-DMPE-DSUB_VacControlDio.png,https://ryedesign.github.io/spare-parts-assets/SMC_EX600-DMPE-DSUB_VacControlDio.PDF,https://www.ryebot.com/parts/?item=EX600-DMPE-DSUB,"smc, vacuum"
EX600-EU1,VAC CONTROL END PLATE,SMC,Vacuum,https://ryedesign.github.io/spare-parts-assets/SMC_EX600-EU1_VacControlEndPlate.png,https://ryedesign.github.io/spare-parts-assets/SMC_EX600-EU1_VacControlEndPlate.pdf,https://www.ryebot.com/parts/?item=EX600-EU1,"smc, vacuum"
EX600-SEN7,VAC CONTROL EIP,SMC,Vacuum,https://ryedesign.github.io/spare-parts-assets/SMC_EX600-SEN7_VacControlEIP.png,https://ryedesign.github.io/spare-parts-assets/SMC_EX600-SEN7_VacControlEIP.PDF,https://www.ryebot.com/parts/?item=EX600-SEN7,"smc, vacuum"
M-5AU-6,BARBED NIPPLE,SMC,Vacuum,https://ryedesign.github.io/spare-parts-assets/SMC_M-5AU-6_BarbedNipple.png,https://ryedesign.github.io/spare-parts-assets/SMC_M-5AU-6_BarbedNipple.pdf,https://www.ryebot.com/parts/?item=M-5AU-6,"smc, vacuum"
ZK2C15K5RWA-06,VAC PUMP,SMC,Vacuum,https://ryedesign.github.io/spare-parts-assets/SMC_ZK2C15K5RWA-06_VacPump.png,https://ryedesign.github.io/spare-parts-assets/SMC_ZK2C15K5RWA-06_VacPump.PDF,https://www.ryebot.com/parts/?item=ZK2C15K5RWA-06,"smc, vacuum"
ZP08BS,VAC CUP,SMC,Vacuum,https://ryedesign.github.io/spare-parts-assets/SMC_ZP08BS_VacCup.png,https://ryedesign.github.io/spare-parts-assets/SMC_ZP08BS_VacCup.pdf,https://www.ryebot.com/parts/?item=ZP08BS,"smc, vacuum"
ZZK204A-A1F-BL-A,VAC STACK END PLATES,SMC,Vacuum,https://ryedesign.github.io/spare-parts-assets/SMC_ZZK204A-A1F-BL-A_VacStackEndPlates.png,https://ryedesign.github.io/spare-parts-assets/SMC_ZZK204A-A1F-BL-A_VacStackEndPlates.PDF,https://www.ryebot.com/parts/?item=ZZK204A-A1F-BL-A,"smc, vacuum"
AFSB-1002,Single arm basic kit,Swivellink,Robotics Accessories,https://ryedesign.github.io/spare-parts-assets/Swivellink_AFSB-1002_single-arm-basic-kit.png,https://ryedesign.github.io/spare-parts-assets/Swivellink_AFSB-1002_single-arm-basic-kit.pdf,https://www.ryebot.com/parts/?item=AFSB-1002,"robotics accessories, swivellink"
UCP213-40,UCP 200 Pillow Block Mounted Bearings - Set Screw Locking,TIMKEN,Hardware,https://ryedesign.github.io/spare-parts-assets/Timkin_UCP213-40_PillowBlockMountedBearings.png,https://ryedesign.github.io/spare-parts-assets/Timkin_UCP213-40_PillowBlockMountedBearings.pdf,https://www.ryebot.com/parts/?item=UCP213-40,"bearing, bracket, hardware, linear motion, mounting, rail, shaft, timken"
CC20 SK48.000,Double Acting Cable Cylinder Bore Size: 20,TOLOMATIC,Hardware,https://ryedesign.github.io/spare-parts-assets/Tolomatic_CC20-SK48.000_DoubleActingCableCylinder.png,https://ryedesign.github.io/spare-parts-assets/Tolomatic_CC20-SK48.000_DoubleActingCableCylinder.pdf,https://www.ryebot.com/parts/?item=CC20%20SK48.000,"actuator, air cylinder, cylinder, hardware, pneumatic cylinder, tolomatic"
6814023,TBEN-S1-8DXP COMPACT MULTIPROTOCOL I/O MODULE FOR ETHERNET,TURCK,Electrical,https://ryedesign.github.io/spare-parts-assets/Turck_6814023_TBEN-S1-8DXPEthernetModule.png,https://ryedesign.github.io/spare-parts-assets/Turck_6814023_TBEN-S1-8DXPEthernetModule.pdf,https://www.ryebot.com/parts/?item=100033118,"cat5, digital input, digital output, electrical, ethernet, i/o, io module, m12 ethernet, network cable, plc io, rj45, turck, turck cable, turck sensor"
6814034,TBEN-S1-8DIP-D COMPACT MULTIPROTOCOL I/O MODULE FOR ETHERNET,TURCK,Electrical,https://ryedesign.github.io/spare-parts-assets/Turck_6814034_TBEN-S1-8DIP-DEthernetModule.png,https://ryedesign.github.io/spare-parts-assets/Turck_6814034_TBEN-S1-8DIP-DEthernetModule.pdf,https://www.ryebot.com/parts/?item=100034179,"cat5, digital input, digital output, electrical, ethernet, i/o, io module, m12 ethernet, network cable, plc io, rj45, turck, turck cable, turck sensor"
100033118,EKRB001-ESRB001-A5.500-WE2Y-5 10M CABLE,TURCK,Cables,https://ryedesign.github.io/spare-parts-assets/Turck_100033118_EKRB001-ESRB001-A5.500-WE2Y-510MCable.png,https://ryedesign.github.io/spare-parts-assets/Turck_100033118_EKRB001-ESRB001-A5.500-WE2Y-510MCable.pdf,https://www.ryebot.com/parts/?item=100039954,"cables, turck, turck cable, turck sensor"
100034179,"EKRT-ESRT-A5.500-GC2K-15 Extension Cable (L) 15 m, M12, Fem, Straight, 5-pi TURCK",TURCK,Cables,https://ryedesign.github.io/spare-parts-assets/Turck_100034179_EKRT-ESRT-A5.500-GC2K-15FemaleM125Pin15MCord.png,https://ryedesign.github.io/spare-parts-assets/Turck_100034179_EKRT-ESRT-A5.500-GC2K-15FemaleM125Pin15MCord.pdf,https://www.ryebot.com/parts/?item=6814023,"cables, cordset, extension, m12 cable, sensor cable, turck, turck cable, turck sensor"
100039954,"EKRT-ESRT-A4.400-GC2K-15 Straight Male, Female M12, 4-pin, 15 m length",TURCK,Cables,https://ryedesign.github.io/spare-parts-assets/Turck_100039954_EKRT-ESRT-A4.400-GC2K-15M124Pin15MCord.png,https://ryedesign.github.io/spare-parts-assets/Turck_100039954_EKRT-ESRT-A4.400-GC2K-15M124Pin15MCord.pdf,https://www.ryebot.com/parts/?item=6814034,"cables, turck, turck cable, turck sensor"
U-02484,RSSD RSSD 441-4M Extension Cable 4m,TURCK,Cables,https://ryedesign.github.io/spare-parts-assets/turck_u-02484_ex-cable-4m.png,https://ryedesign.github.io/spare-parts-assets/turck_u-02484_ex-cable-4m.pdf,https://www.ryebot.com/parts/?item=U-02484,"cables, cordset, extension, m12 cable, sensor cable, turck, turck cable, turck sensor"
U-06867,RSSD RSSD 441-5M Extension Cable 5m,TURCK,Cables,https://ryedesign.github.io/spare-parts-assets/turck_u-06867_ex-cable-5m.png,https://ryedesign.github.io/spare-parts-assets/turck_u-06867_ex-cable-5m.pdf,https://www.ryebot.com/parts/?item=U-06867,"cables, cordset, extension, m12 cable, sensor cable, turck, turck cable, turck sensor"
U0886-0,"FS 4.4-2 Receptacle, Front Mt, Male M12 eurofast Receptacle",TURCK,Electrical,https://ryedesign.github.io/spare-parts-assets/Turck_U0886-0_FS4.4-2Connector.png,https://ryedesign.github.io/spare-parts-assets/Turck_U0886-0_FS4.4-2Connector.pdf,https://www.ryebot.com/parts/?item=U0886-0,"electrical, turck, turck cable, turck sensor"
U1132-022,FK 8-2 M12 8 pin Female Bulkhead receptacle 2M of flying leads,TURCK,Electrical,https://ryedesign.github.io/spare-parts-assets/Turck_U1132-022_FK8-2M12Female8Pin.png,https://ryedesign.github.io/spare-parts-assets/Turck_U1132-022_FK8-2M12Female8Pin.pdf,https://www.ryebot.com/parts/?item=U1132-022,"electrical, turck, turck cable, turck sensor"
U2503-14,PKG 4M-2 Cordset,TURCK,Cables,https://ryedesign.github.io/spare-parts-assets/Turck_U2503-14_PKG 4M-2Cordset.png,https://ryedesign.github.io/spare-parts-assets/Turck_U2503-14_PKG 4M-2Cordset.pdf,https://www.ryebot.com/parts/?item=U2503-14,"cables, cordset, extension, m12 cable, sensor cable, turck, turck cable, turck sensor"
U3-00647,"FKSDD RJ45SF 44 THRU WALL, TURCK, M12-4P-F TO RJ45, RT ANGLE",TURCK,Electrical,https://ryedesign.github.io/spare-parts-assets/Turck_U3-00647_FKSDD-RJ45SF-44ThruWall.png,https://ryedesign.github.io/spare-parts-assets/Turck_U3-00647_FKSDD-RJ45SF-44ThruWall.pdf,https://www.ryebot.com/parts/?item=U3-00647,"electrical, turck, turck cable, turck sensor"
U-51193,RK 4.4T-12-RS 4.4T/S1587 Actuator and Sensor Cable 12m,TURCK,Cables,https://ryedesign.github.io/spare-parts-assets/turck_U-51193_12m-ex-cable.png,https://ryedesign.github.io/spare-parts-assets/turck_U-51193_12m-ex-cable.pdf,https://www.ryebot.com/parts/?item=U-51193,"cables, cordset, extension, m12 cable, sensor cable, turck, turck cable, turck sensor"
U-55725,PSGS 4M RJ45S 4413-1M Ethernet Cordset Ex Cable,TURCK,Cables,https://ryedesign.github.io/spare-parts-assets/turck_u-55725_1m-extension-cable.png,https://ryedesign.github.io/spare-parts-assets/turck_u-55725_1m-extension-cable.pdf,https://www.ryebot.com/parts/?item=U-55725,"cables, cat5, cordset, ethernet, extension, m12 cable, m12 ethernet, network cable, rj45, sensor cable, turck, turck cable, turck sensor"
U9518-02,FK 4.4-2 M12 4 wire female receptacle with 2M of flying leads,TURCK,Electrical,https://ryedesign.github.io/spare-parts-assets/Turck_U9518-02_FK4.4-2M12Female4Pin.png,https://ryedesign.github.io/spare-parts-assets/Turck_U9518-02_FK4.4-2M12Female4Pin.pdf,https://www.ryebot.com/parts/?item=U9518-02,"electrical, turck, turck cable, turck sensor"
U99-11861,RKC 8T-10-RSC 8T Actuator and Sensor Cable 10m,TURCK,Cables,https://ryedesign.github.io/spare-parts-assets/turck_U99-11861_ex-cable-10m.png,https://ryedesign.github.io/spare-parts-assets/turck_U99-11861_ex-cable-10m.pdf,https://www.ryebot.com/parts/?item=U99-11861,"cables, cordset, extension, m12 cable, sensor cable, turck, turck cable, turck sensor"
U99-11870,RKC 8T-4-RSC 8T Actuator and Sensor Cable 4m,TURCK,Cables,https://ryedesign.github.io/spare-parts-assets/turck_U99-11870_ex-cable-4m.png,https://ryedesign.github.io/spare-parts-assets/turck_U99-11870_ex-cable-4m.pdf,https://www.ryebot.com/parts/?item=U99-11870,"cables, cordset, extension, m12 cable, sensor cable, turck, turck cable, turck sensor"
UX08873,RK 4.4T-4-RS 4.4T/S3415 Actuator and Sensor Cable 4m,TURCK,Cables,https://ryedesign.github.io/spare-parts-assets/turck_UX08873_ex-cable-4m.png,https://ryedesign.github.io/spare-parts-assets/turck_UX08873_ex-cable-4m.pdf,https://www.ryebot.com/parts/?item=UX08873,"cables, cordset, extension, m12 cable, sensor cable, turck, turck cable, turck sensor"
1315680000,UR20-4AO-UI-16 WEIM ANALOG OUTPUT MODULE,WEIDMULLER,Electrical,https://ryedesign.github.io/spare-parts-assets/Weidmuller_1315680000_UR20-4AO-UI-16AnalogOutputModule.png,https://ryedesign.github.io/spare-parts-assets/Weidmuller_1315680000_UR20-4AO-UI-16AnalogOutputModule.pdf,https://www.ryebot.com/parts/?item=1315680000,"electrical, remote io, ur20, weidmuller, weidmüller"
1334710000,UR20-PF-I Weidmuller In Power Block,WEIDMULLER,Electrical,https://ryedesign.github.io/spare-parts-assets/Weidmuller_1334710000_UR20-PF-IRemoteIOModule.png,https://ryedesign.github.io/spare-parts-assets/Weidmuller_1334710000_UR20-PF-IRemoteIOModule.pdf,https://www.ryebot.com/parts/?item=1334710000,"electrical, remote io, ur20, weidmuller, weidmüller"
1334740000,"UR20-PF-O Expandable IO, Power Output Module",WEIDMULLER,Electrical,https://ryedesign.github.io/spare-parts-assets/Weidmuller_1334740000_UR20-PF-OPowerOutputModule.png,https://ryedesign.github.io/spare-parts-assets/Weidmuller_1334740000_UR20-PF-OPowerOutputModule.pdf,https://www.ryebot.com/parts/?item=1334740000,"electrical, remote io, ur20, weidmuller, weidmüller"
1550550000,"UR20-FBC-EIP-V2 Expandable IO, Ethernet IP Comms Module",WEIDMULLER,Electrical,https://ryedesign.github.io/spare-parts-assets/Weidmuller_1550550000_UR20-FBC-EIP-V2ExpandableIO.png,https://ryedesign.github.io/spare-parts-assets/Weidmuller_1550550000_UR20-FBC-EIP-V2ExpandableIO.pdf,https://www.ryebot.com/parts/?item=1550550000,"cat5, electrical, ethernet, m12 ethernet, network cable, remote io, rj45, ur20, weidmuller, weidmüller"
KLBUE4-13.5_SC,S7S S7W 400V SHIELD CLAMP UP 500W,YASKAWA,Servo,https://ryedesign.github.io/spare-parts-assets/Yaskawa_KLBUE4-13.5_ShieldClamp.png,https://ryedesign.github.io/spare-parts-assets/Yaskawa_KLBUE4-13.5_ShieldClamp.pdf,https://www.ryebot.com/parts/?item=KLBUE4-13.5_SC,"bracket, hardware, mounting, servo, sigma, yaskawa, yaskawa drive, yaskawa motor"
SGD7S-120AM0A008F50,SERVO DRIVE,YASKAWA,Servo,https://ryedesign.github.io/spare-parts-assets/Yaskawa_SGD7S-120AM0A008F50_ServoDrive1.5KW200V1PH.png,https://ryedesign.github.io/spare-parts-assets/Yaskawa_SGD7S-120AM0A008F50_ServoDrive1.5KW200V1PH.pdf,https://www.ryebot.com/parts/?item=SGD7S-120AM0A008F50,"amplifier, drive, servo, servo amplifier, servo drive, sigma, yaskawa, yaskawa drive, yaskawa motor"
SGD7S-5R4DM0B000F50,SIGMA-7SIEC 1.5KW 400V (Servo Amplifier),YASKAWA,Servo,https://ryedesign.github.io/spare-parts-assets/Yaskawa_SGD7S-5R4DM0B000F50_ServoAmplifier1.5KW400V.png,https://ryedesign.github.io/spare-parts-assets/Yaskawa_SGD7S-5R4DM0B000F50_ServoAmplifier1.5KW400V.pdf,https://www.ryebot.com/parts/?item=SGD7S-5R4DM0B000F50,"amplifier, drive, servo, servo amplifier, servo drive, sigma, yaskawa, yaskawa drive, yaskawa motor"
SGM7D-1CI7C52,SERVO ROTARY,YASKAWA,Servo,https://ryedesign.github.io/spare-parts-assets/Yaskawa_SGM7D-1CI7C52_ServoRotary.png,https://ryedesign.github.io/spare-parts-assets/Yaskawa_SGM7D-1CI7C52_ServoRotary.pdf,https://www.ryebot.com/parts/?item=SGM7D-1CI7C52,"motor, rotary, servo, servo motor, servomotor, sigma, yaskawa, yaskawa drive, yaskawa motor"
SGM7G-13D7FK1,S7 MTR 1.3KW 400V ABS KW TP (Servo Motor),YASKAWA,Servo,https://ryedesign.github.io/spare-parts-assets/Yaskawa_SGM7G-13D7FK1_ServoMotor1.5kW.png,https://ryedesign.github.io/spare-parts-assets/Yaskawa_SGM7G-13D7FK1_ServoMotor1.5kW.pdf,https://www.ryebot.com/parts/?item=SGM7G-13D7FK1,"motor, rotary, servo, servo motor, servomotor, sigma, yaskawa, yaskawa drive, yaskawa motor"
SGM7G-44D6F6C,Servo Motor 4.4kW,YASKAWA,Servo,https://ryedesign.github.io/spare-parts-assets/Yaskawa_SGM7G-44D6F6C_ServoMotor4.4kW.jpg,https://ryedesign.github.io/spare-parts-assets/Yaskawa_SGM7G-44D6F6C_ServoMotor4.4kW.pdf,https://www.ryebot.com/parts/?item=SGM7G-44D6F6C,"motor, rotary, servo, servo motor, servomotor, sigma, yaskawa, yaskawa drive, yaskawa motor"
